{"cameraMode":{"drawMode":0,"name":"Shaded","section":"Shading Mode"},"sceneLighting":false,"audioPlay":false,"sceneViewState":{"showFog":true,"showMaterialUpdate":false,"showSkybox":false,"showFlares":true,"showImageEffects":true,"showParticleSystems":true},"in2DMode":false,"pivot":{"x":0.7279098033905029,"y":-1.5953245162963868,"z":2.132310390472412},"rotation":{"x":0.34836408495903017,"y":0.051985662430524829,"z":-0.019354086369276048,"w":0.9357181191444397},"size":1.3252005577087403,"orthographic":true}