{"cameraMode":{"drawMode":0,"name":"Shaded","section":"Shading Mode"},"sceneLighting":false,"audioPlay":false,"sceneViewState":{"showFog":true,"showMaterialUpdate":false,"showSkybox":false,"showFlares":true,"showImageEffects":true,"showParticleSystems":true},"in2DMode":false,"pivot":{"x":1734.6197509765625,"y":1172.000732421875,"z":0.0},"rotation":{"x":0.17702731490135194,"y":-0.25793853402137759,"z":0.0481373630464077,"w":0.9485856890678406},"size":1514.8028564453125,"orthographic":true}