{"cameraMode":{"drawMode":0,"name":"Shaded","section":"Shading Mode"},"sceneLighting":false,"audioPlay":false,"sceneViewState":{"showFog":true,"showMaterialUpdate":false,"showSkybox":false,"showFlares":true,"showImageEffects":true,"showParticleSystems":true},"in2DMode":false,"pivot":{"x":-0.014328984543681145,"y":0.15233778953552247,"z":0.0},"rotation":{"x":0.03660950809717178,"y":0.9586411714553833,"z":-0.24223007261753083,"w":0.14488443732261659},"size":0.21070586144924165,"orthographic":true}