{"cameraMode":{"drawMode":0,"name":"Shaded","section":"Shading Mode"},"sceneLighting":false,"audioPlay":false,"sceneViewState":{"showFog":true,"showMaterialUpdate":false,"showSkybox":false,"showFlares":true,"showImageEffects":true,"showParticleSystems":true},"in2DMode":false,"pivot":{"x":0.6114702224731445,"y":0.6082520484924316,"z":1.1698148250579835},"rotation":{"x":0.36523744463920596,"y":-0.047446686774492267,"z":0.018643265590071679,"w":0.9295191764831543},"size":3.1618378162384035,"orthographic":false}